DATAFLOW,LAST UPDATE,freq,unit,co_nco,sector,finpos,na_item,geo,TIME_PERIOD,OBS_VALUE,OBS_FLAG,CONF_STATUS
ESTAT:TIPSPD20(1.0),11/06/26 11:00:00,Annual,Percentage of gross domestic product (GDP),Consolidated,Non-financial corporations; households; non-profit institutions serving households,Liabilities,"Securities other than shares, loans",Austria,2001,123.3,,
ESTAT:TIPSPD20(1.0),11/06/26 11:00:00,Annual,Percentage of gross domestic product (GDP),Consolidated,Non-financial corporations; households; non-profit institutions serving households,Liabilities,"Securities other than shares, loans",Austria,2002,122.9,,
ESTAT:TIPSPD20(1.0),11/06/26 11:00:00,Annual,Percentage of gross domestic product (GDP),Consolidated,Non-financial corporations; households; non-profit institutions serving households,Liabilities,"Securities other than shares, loans",Austria,2003,125.2,,
ESTAT:TIPSPD20(1.0),11/06/26 11:00:00,Annual,Percentage of gross domestic product (GDP),Consolidated,Non-financial corporations; households; non-profit institutions serving households,Liabilities,"Securities other than shares, loans",Austria,2004,123.4,,
ESTAT:TIPSPD20(1.0),11/06/26 11:00:00,Annual,Percentage of gross domestic product (GDP),Consolidated,Non-financial corporations; households; non-profit institutions serving households,Liabilities,"Securities other than shares, loans",Austria,2005,127.9,,
ESTAT:TIPSPD20(1.0),11/06/26 11:00:00,Annual,Percentage of gross domestic product (GDP),Consolidated,Non-financial corporations; households; non-profit institutions serving households,Liabilities,"Securities other than shares, loans",Austria,2006,122.7,,
ESTAT:TIPSPD20(1.0),11/06/26 11:00:00,Annual,Percentage of gross domestic product (GDP),Consolidated,Non-financial corporations; households; non-profit institutions serving households,Liabilities,"Securities other than shares, loans",Austria,2007,124.2,,
ESTAT:TIPSPD20(1.0),11/06/26 11:00:00,Annual,Percentage of gross domestic product (GDP),Consolidated,Non-financial corporations; households; non-profit institutions serving households,Liabilities,"Securities other than shares, loans",Austria,2008,127.0,,
ESTAT:TIPSPD20(1.0),11/06/26 11:00:00,Annual,Percentage of gross domestic product (GDP),Consolidated,Non-financial corporations; households; non-profit institutions serving households,Liabilities,"Securities other than shares, loans",Austria,2009,132.2,,
ESTAT:TIPSPD20(1.0),11/06/26 11:00:00,Annual,Percentage of gross domestic product (GDP),Consolidated,Non-financial corporations; households; non-profit institutions serving households,Liabilities,"Securities other than shares, loans",Austria,2010,132.6,,
ESTAT:TIPSPD20(1.0),11/06/26 11:00:00,Annual,Percentage of gross domestic product (GDP),Consolidated,Non-financial corporations; households; non-profit institutions serving households,Liabilities,"Securities other than shares, loans",Austria,2011,129.7,,
ESTAT:TIPSPD20(1.0),11/06/26 11:00:00,Annual,Percentage of gross domestic product (GDP),Consolidated,Non-financial corporations; households; non-profit institutions serving households,Liabilities,"Securities other than shares, loans",Austria,2012,128.5,,
ESTAT:TIPSPD20(1.0),11/06/26 11:00:00,Annual,Percentage of gross domestic product (GDP),Consolidated,Non-financial corporations; households; non-profit institutions serving households,Liabilities,"Securities other than shares, loans",Austria,2013,128.7,,
ESTAT:TIPSPD20(1.0),11/06/26 11:00:00,Annual,Percentage of gross domestic product (GDP),Consolidated,Non-financial corporations; households; non-profit institutions serving households,Liabilities,"Securities other than shares, loans",Austria,2014,126.6,,
ESTAT:TIPSPD20(1.0),11/06/26 11:00:00,Annual,Percentage of gross domestic product (GDP),Consolidated,Non-financial corporations; households; non-profit institutions serving households,Liabilities,"Securities other than shares, loans",Austria,2015,125.5,,
ESTAT:TIPSPD20(1.0),11/06/26 11:00:00,Annual,Percentage of gross domestic product (GDP),Consolidated,Non-financial corporations; households; non-profit institutions serving households,Liabilities,"Securities other than shares, loans",Austria,2016,124.0,,
ESTAT:TIPSPD20(1.0),11/06/26 11:00:00,Annual,Percentage of gross domestic product (GDP),Consolidated,Non-financial corporations; households; non-profit institutions serving households,Liabilities,"Securities other than shares, loans",Austria,2017,122.6,,
ESTAT:TIPSPD20(1.0),11/06/26 11:00:00,Annual,Percentage of gross domestic product (GDP),Consolidated,Non-financial corporations; households; non-profit institutions serving households,Liabilities,"Securities other than shares, loans",Austria,2018,123.0,,
ESTAT:TIPSPD20(1.0),11/06/26 11:00:00,Annual,Percentage of gross domestic product (GDP),Consolidated,Non-financial corporations; households; non-profit institutions serving households,Liabilities,"Securities other than shares, loans",Austria,2019,121.7,,
ESTAT:TIPSPD20(1.0),11/06/26 11:00:00,Annual,Percentage of gross domestic product (GDP),Consolidated,Non-financial corporations; households; non-profit institutions serving households,Liabilities,"Securities other than shares, loans",Belgium,2001,113.4,,
ESTAT:TIPSPD20(1.0),11/06/26 11:00:00,Annual,Percentage of gross domestic product (GDP),Consolidated,Non-financial corporations; households; non-profit institutions serving households,Liabilities,"Securities other than shares, loans",Belgium,2002,112.6,,
ESTAT:TIPSPD20(1.0),11/06/26 11:00:00,Annual,Percentage of gross domestic product (GDP),Consolidated,Non-financial corporations; households; non-profit institutions serving households,Liabilities,"Securities other than shares, loans",Belgium,2003,117.6,,
ESTAT:TIPSPD20(1.0),11/06/26 11:00:00,Annual,Percentage of gross domestic product (GDP),Consolidated,Non-financial corporations; households; non-profit institutions serving households,Liabilities,"Securities other than shares, loans",Belgium,2004,121.4,,
ESTAT:TIPSPD20(1.0),11/06/26 11:00:00,Annual,Percentage of gross domestic product (GDP),Consolidated,Non-financial corporations; households; non-profit institutions serving households,Liabilities,"Securities other than shares, loans",Belgium,2005,121.3,,
ESTAT:TIPSPD20(1.0),11/06/26 11:00:00,Annual,Percentage of gross domestic product (GDP),Consolidated,Non-financial corporations; households; non-profit institutions serving households,Liabilities,"Securities other than shares, loans",Belgium,2006,123.2,,
ESTAT:TIPSPD20(1.0),11/06/26 11:00:00,Annual,Percentage of gross domestic product (GDP),Consolidated,Non-financial corporations; households; non-profit institutions serving households,Liabilities,"Securities other than shares, loans",Belgium,2007,134.9,,
ESTAT:TIPSPD20(1.0),11/06/26 11:00:00,Annual,Percentage of gross domestic product (GDP),Consolidated,Non-financial corporations; households; non-profit institutions serving households,Liabilities,"Securities other than shares, loans",Belgium,2008,167.2,,
ESTAT:TIPSPD20(1.0),11/06/26 11:00:00,Annual,Percentage of gross domestic product (GDP),Consolidated,Non-financial corporations; households; non-profit institutions serving households,Liabilities,"Securities other than shares, loans",Belgium,2009,170.1,b,
ESTAT:TIPSPD20(1.0),11/06/26 11:00:00,Annual,Percentage of gross domestic product (GDP),Consolidated,Non-financial corporations; households; non-profit institutions serving households,Liabilities,"Securities other than shares, loans",Belgium,2010,167.6,,
ESTAT:TIPSPD20(1.0),11/06/26 11:00:00,Annual,Percentage of gross domestic product (GDP),Consolidated,Non-financial corporations; households; non-profit institutions serving households,Liabilities,"Securities other than shares, loans",Belgium,2011,178.1,,
ESTAT:TIPSPD20(1.0),11/06/26 11:00:00,Annual,Percentage of gross domestic product (GDP),Consolidated,Non-financial corporations; households; non-profit institutions serving households,Liabilities,"Securities other than shares, loans",Belgium,2012,188.5,,
ESTAT:TIPSPD20(1.0),11/06/26 11:00:00,Annual,Percentage of gross domestic product (GDP),Consolidated,Non-financial corporations; households; non-profit institutions serving households,Liabilities,"Securities other than shares, loans",Belgium,2013,162.1,,
ESTAT:TIPSPD20(1.0),11/06/26 11:00:00,Annual,Percentage of gross domestic product (GDP),Consolidated,Non-financial corporations; households; non-profit institutions serving households,Liabilities,"Securities other than shares, loans",Belgium,2014,160.2,,
ESTAT:TIPSPD20(1.0),11/06/26 11:00:00,Annual,Percentage of gross domestic product (GDP),Consolidated,Non-financial corporations; households; non-profit institutions serving households,Liabilities,"Securities other than shares, loans",Belgium,2015,174.1,,
ESTAT:TIPSPD20(1.0),11/06/26 11:00:00,Annual,Percentage of gross domestic product (GDP),Consolidated,Non-financial corporations; households; non-profit institutions serving households,Liabilities,"Securities other than shares, loans",Belgium,2016,194.2,,
ESTAT:TIPSPD20(1.0),11/06/26 11:00:00,Annual,Percentage of gross domestic product (GDP),Consolidated,Non-financial corporations; households; non-profit institutions serving households,Liabilities,"Securities other than shares, loans",Belgium,2017,186.3,,
ESTAT:TIPSPD20(1.0),11/06/26 11:00:00,Annual,Percentage of gross domestic product (GDP),Consolidated,Non-financial corporations; households; non-profit institutions serving households,Liabilities,"Securities other than shares, loans",Belgium,2018,180.7,,
ESTAT:TIPSPD20(1.0),11/06/26 11:00:00,Annual,Percentage of gross domestic product (GDP),Consolidated,Non-financial corporations; households; non-profit institutions serving households,Liabilities,"Securities other than shares, loans",Belgium,2019,180.7,,
ESTAT:TIPSPD20(1.0),11/06/26 11:00:00,Annual,Percentage of gross domestic product (GDP),Consolidated,Non-financial corporations; households; non-profit institutions serving households,Liabilities,"Securities other than shares, loans",Germany,2001,132.5,,
ESTAT:TIPSPD20(1.0),11/06/26 11:00:00,Annual,Percentage of gross domestic product (GDP),Consolidated,Non-financial corporations; households; non-profit institutions serving households,Liabilities,"Securities other than shares, loans",Germany,2002,132.8,,
ESTAT:TIPSPD20(1.0),11/06/26 11:00:00,Annual,Percentage of gross domestic product (GDP),Consolidated,Non-financial corporations; households; non-profit institutions serving households,Liabilities,"Securities other than shares, loans",Germany,2003,132.7,,
ESTAT:TIPSPD20(1.0),11/06/26 11:00:00,Annual,Percentage of gross domestic product (GDP),Consolidated,Non-financial corporations; households; non-profit institutions serving households,Liabilities,"Securities other than shares, loans",Germany,2004,126.7,,
ESTAT:TIPSPD20(1.0),11/06/26 11:00:00,Annual,Percentage of gross domestic product (GDP),Consolidated,Non-financial corporations; households; non-profit institutions serving households,Liabilities,"Securities other than shares, loans",Germany,2005,125.1,,
ESTAT:TIPSPD20(1.0),11/06/26 11:00:00,Annual,Percentage of gross domestic product (GDP),Consolidated,Non-financial corporations; households; non-profit institutions serving households,Liabilities,"Securities other than shares, loans",Germany,2006,122.8,,
ESTAT:TIPSPD20(1.0),11/06/26 11:00:00,Annual,Percentage of gross domestic product (GDP),Consolidated,Non-financial corporations; households; non-profit institutions serving households,Liabilities,"Securities other than shares, loans",Germany,2007,118.6,,
ESTAT:TIPSPD20(1.0),11/06/26 11:00:00,Annual,Percentage of gross domestic product (GDP),Consolidated,Non-financial corporations; households; non-profit institutions serving households,Liabilities,"Securities other than shares, loans",Germany,2008,118.5,,
ESTAT:TIPSPD20(1.0),11/06/26 11:00:00,Annual,Percentage of gross domestic product (GDP),Consolidated,Non-financial corporations; households; non-profit institutions serving households,Liabilities,"Securities other than shares, loans",Germany,2009,121.8,,
ESTAT:TIPSPD20(1.0),11/06/26 11:00:00,Annual,Percentage of gross domestic product (GDP),Consolidated,Non-financial corporations; households; non-profit institutions serving households,Liabilities,"Securities other than shares, loans",Germany,2010,116.3,,
ESTAT:TIPSPD20(1.0),11/06/26 11:00:00,Annual,Percentage of gross domestic product (GDP),Consolidated,Non-financial corporations; households; non-profit institutions serving households,Liabilities,"Securities other than shares, loans",Germany,2011,111.9,,
ESTAT:TIPSPD20(1.0),11/06/26 11:00:00,Annual,Percentage of gross domestic product (GDP),Consolidated,Non-financial corporations; households; non-profit institutions serving households,Liabilities,"Securities other than shares, loans",Germany,2012,111.5,,
ESTAT:TIPSPD20(1.0),11/06/26 11:00:00,Annual,Percentage of gross domestic product (GDP),Consolidated,Non-financial corporations; households; non-profit institutions serving households,Liabilities,"Securities other than shares, loans",Germany,2013,113.1,,
ESTAT:TIPSPD20(1.0),11/06/26 11:00:00,Annual,Percentage of gross domestic product (GDP),Consolidated,Non-financial corporations; households; non-profit institutions serving households,Liabilities,"Securities other than shares, loans",Germany,2014,105.3,,
ESTAT:TIPSPD20(1.0),11/06/26 11:00:00,Annual,Percentage of gross domestic product (GDP),Consolidated,Non-financial corporations; households; non-profit institutions serving households,Liabilities,"Securities other than shares, loans",Germany,2015,104.8,,
ESTAT:TIPSPD20(1.0),11/06/26 11:00:00,Annual,Percentage of gross domestic product (GDP),Consolidated,Non-financial corporations; households; non-profit institutions serving households,Liabilities,"Securities other than shares, loans",Germany,2016,105.8,,
ESTAT:TIPSPD20(1.0),11/06/26 11:00:00,Annual,Percentage of gross domestic product (GDP),Consolidated,Non-financial corporations; households; non-profit institutions serving households,Liabilities,"Securities other than shares, loans",Germany,2017,105.6,,
ESTAT:TIPSPD20(1.0),11/06/26 11:00:00,Annual,Percentage of gross domestic product (GDP),Consolidated,Non-financial corporations; households; non-profit institutions serving households,Liabilities,"Securities other than shares, loans",Germany,2018,106.7,,
ESTAT:TIPSPD20(1.0),11/06/26 11:00:00,Annual,Percentage of gross domestic product (GDP),Consolidated,Non-financial corporations; households; non-profit institutions serving households,Liabilities,"Securities other than shares, loans",Germany,2019,110.5,,
ESTAT:TIPSPD20(1.0),11/06/26 11:00:00,Annual,Percentage of gross domestic product (GDP),Consolidated,Non-financial corporations; households; non-profit institutions serving households,Liabilities,"Securities other than shares, loans",Greece,2001,62.9,,
ESTAT:TIPSPD20(1.0),11/06/26 11:00:00,Annual,Percentage of gross domestic product (GDP),Consolidated,Non-financial corporations; households; non-profit institutions serving households,Liabilities,"Securities other than shares, loans",Greece,2002,66.6,,
ESTAT:TIPSPD20(1.0),11/06/26 11:00:00,Annual,Percentage of gross domestic product (GDP),Consolidated,Non-financial corporations; households; non-profit institutions serving households,Liabilities,"Securities other than shares, loans",Greece,2003,70.7,,
ESTAT:TIPSPD20(1.0),11/06/26 11:00:00,Annual,Percentage of gross domestic product (GDP),Consolidated,Non-financial corporations; households; non-profit institutions serving households,Liabilities,"Securities other than shares, loans",Greece,2004,75.8,,
ESTAT:TIPSPD20(1.0),11/06/26 11:00:00,Annual,Percentage of gross domestic product (GDP),Consolidated,Non-financial corporations; households; non-profit institutions serving households,Liabilities,"Securities other than shares, loans",Greece,2005,88.0,,
ESTAT:TIPSPD20(1.0),11/06/26 11:00:00,Annual,Percentage of gross domestic product (GDP),Consolidated,Non-financial corporations; households; non-profit institutions serving households,Liabilities,"Securities other than shares, loans",Greece,2006,94.6,,
ESTAT:TIPSPD20(1.0),11/06/26 11:00:00,Annual,Percentage of gross domestic product (GDP),Consolidated,Non-financial corporations; households; non-profit institutions serving households,Liabilities,"Securities other than shares, loans",Greece,2007,103.4,,
ESTAT:TIPSPD20(1.0),11/06/26 11:00:00,Annual,Percentage of gross domestic product (GDP),Consolidated,Non-financial corporations; households; non-profit institutions serving households,Liabilities,"Securities other than shares, loans",Greece,2008,115.0,,
ESTAT:TIPSPD20(1.0),11/06/26 11:00:00,Annual,Percentage of gross domestic product (GDP),Consolidated,Non-financial corporations; households; non-profit institutions serving households,Liabilities,"Securities other than shares, loans",Greece,2009,118.5,,
ESTAT:TIPSPD20(1.0),11/06/26 11:00:00,Annual,Percentage of gross domestic product (GDP),Consolidated,Non-financial corporations; households; non-profit institutions serving households,Liabilities,"Securities other than shares, loans",Greece,2010,130.0,,
ESTAT:TIPSPD20(1.0),11/06/26 11:00:00,Annual,Percentage of gross domestic product (GDP),Consolidated,Non-financial corporations; households; non-profit institutions serving households,Liabilities,"Securities other than shares, loans",Greece,2011,133.1,,
ESTAT:TIPSPD20(1.0),11/06/26 11:00:00,Annual,Percentage of gross domestic product (GDP),Consolidated,Non-financial corporations; households; non-profit institutions serving households,Liabilities,"Securities other than shares, loans",Greece,2012,137.1,,
ESTAT:TIPSPD20(1.0),11/06/26 11:00:00,Annual,Percentage of gross domestic product (GDP),Consolidated,Non-financial corporations; households; non-profit institutions serving households,Liabilities,"Securities other than shares, loans",Greece,2013,134.8,,
ESTAT:TIPSPD20(1.0),11/06/26 11:00:00,Annual,Percentage of gross domestic product (GDP),Consolidated,Non-financial corporations; households; non-profit institutions serving households,Liabilities,"Securities other than shares, loans",Greece,2014,133.7,,
ESTAT:TIPSPD20(1.0),11/06/26 11:00:00,Annual,Percentage of gross domestic product (GDP),Consolidated,Non-financial corporations; households; non-profit institutions serving households,Liabilities,"Securities other than shares, loans",Greece,2015,130.2,,
ESTAT:TIPSPD20(1.0),11/06/26 11:00:00,Annual,Percentage of gross domestic product (GDP),Consolidated,Non-financial corporations; households; non-profit institutions serving households,Liabilities,"Securities other than shares, loans",Greece,2016,127.4,,
ESTAT:TIPSPD20(1.0),11/06/26 11:00:00,Annual,Percentage of gross domestic product (GDP),Consolidated,Non-financial corporations; households; non-profit institutions serving households,Liabilities,"Securities other than shares, loans",Greece,2017,120.5,,
ESTAT:TIPSPD20(1.0),11/06/26 11:00:00,Annual,Percentage of gross domestic product (GDP),Consolidated,Non-financial corporations; households; non-profit institutions serving households,Liabilities,"Securities other than shares, loans",Greece,2018,118.8,,
ESTAT:TIPSPD20(1.0),11/06/26 11:00:00,Annual,Percentage of gross domestic product (GDP),Consolidated,Non-financial corporations; households; non-profit institutions serving households,Liabilities,"Securities other than shares, loans",Greece,2019,109.7,,
ESTAT:TIPSPD20(1.0),11/06/26 11:00:00,Annual,Percentage of gross domestic product (GDP),Consolidated,Non-financial corporations; households; non-profit institutions serving households,Liabilities,"Securities other than shares, loans",Spain,2001,110.3,,
ESTAT:TIPSPD20(1.0),11/06/26 11:00:00,Annual,Percentage of gross domestic product (GDP),Consolidated,Non-financial corporations; households; non-profit institutions serving households,Liabilities,"Securities other than shares, loans",Spain,2002,116.8,,
ESTAT:TIPSPD20(1.0),11/06/26 11:00:00,Annual,Percentage of gross domestic product (GDP),Consolidated,Non-financial corporations; households; non-profit institutions serving households,Liabilities,"Securities other than shares, loans",Spain,2003,127.1,,
ESTAT:TIPSPD20(1.0),11/06/26 11:00:00,Annual,Percentage of gross domestic product (GDP),Consolidated,Non-financial corporations; households; non-profit institutions serving households,Liabilities,"Securities other than shares, loans",Spain,2004,139.1,,
ESTAT:TIPSPD20(1.0),11/06/26 11:00:00,Annual,Percentage of gross domestic product (GDP),Consolidated,Non-financial corporations; households; non-profit institutions serving households,Liabilities,"Securities other than shares, loans",Spain,2005,155.8,,
ESTAT:TIPSPD20(1.0),11/06/26 11:00:00,Annual,Percentage of gross domestic product (GDP),Consolidated,Non-financial corporations; households; non-profit institutions serving households,Liabilities,"Securities other than shares, loans",Spain,2006,178.8,,
ESTAT:TIPSPD20(1.0),11/06/26 11:00:00,Annual,Percentage of gross domestic product (GDP),Consolidated,Non-financial corporations; households; non-profit institutions serving households,Liabilities,"Securities other than shares, loans",Spain,2007,193.4,,
ESTAT:TIPSPD20(1.0),11/06/26 11:00:00,Annual,Percentage of gross domestic product (GDP),Consolidated,Non-financial corporations; households; non-profit institutions serving households,Liabilities,"Securities other than shares, loans",Spain,2008,197.6,,
ESTAT:TIPSPD20(1.0),11/06/26 11:00:00,Annual,Percentage of gross domestic product (GDP),Consolidated,Non-financial corporations; households; non-profit institutions serving households,Liabilities,"Securities other than shares, loans",Spain,2009,204.0,,
ESTAT:TIPSPD20(1.0),11/06/26 11:00:00,Annual,Percentage of gross domestic product (GDP),Consolidated,Non-financial corporations; households; non-profit institutions serving households,Liabilities,"Securities other than shares, loans",Spain,2010,202.8,,
ESTAT:TIPSPD20(1.0),11/06/26 11:00:00,Annual,Percentage of gross domestic product (GDP),Consolidated,Non-financial corporations; households; non-profit institutions serving households,Liabilities,"Securities other than shares, loans",Spain,2011,197.8,,
ESTAT:TIPSPD20(1.0),11/06/26 11:00:00,Annual,Percentage of gross domestic product (GDP),Consolidated,Non-financial corporations; households; non-profit institutions serving households,Liabilities,"Securities other than shares, loans",Spain,2012,188.2,,
ESTAT:TIPSPD20(1.0),11/06/26 11:00:00,Annual,Percentage of gross domestic product (GDP),Consolidated,Non-financial corporations; households; non-profit institutions serving households,Liabilities,"Securities other than shares, loans",Spain,2013,177.6,,
ESTAT:TIPSPD20(1.0),11/06/26 11:00:00,Annual,Percentage of gross domestic product (GDP),Consolidated,Non-financial corporations; households; non-profit institutions serving households,Liabilities,"Securities other than shares, loans",Spain,2014,170.3,,
ESTAT:TIPSPD20(1.0),11/06/26 11:00:00,Annual,Percentage of gross domestic product (GDP),Consolidated,Non-financial corporations; households; non-profit institutions serving households,Liabilities,"Securities other than shares, loans",Spain,2015,157.0,,
ESTAT:TIPSPD20(1.0),11/06/26 11:00:00,Annual,Percentage of gross domestic product (GDP),Consolidated,Non-financial corporations; households; non-profit institutions serving households,Liabilities,"Securities other than shares, loans",Spain,2016,150.3,,
ESTAT:TIPSPD20(1.0),11/06/26 11:00:00,Annual,Percentage of gross domestic product (GDP),Consolidated,Non-financial corporations; households; non-profit institutions serving households,Liabilities,"Securities other than shares, loans",Spain,2017,143.5,,
ESTAT:TIPSPD20(1.0),11/06/26 11:00:00,Annual,Percentage of gross domestic product (GDP),Consolidated,Non-financial corporations; households; non-profit institutions serving households,Liabilities,"Securities other than shares, loans",Spain,2018,135.8,,
ESTAT:TIPSPD20(1.0),11/06/26 11:00:00,Annual,Percentage of gross domestic product (GDP),Consolidated,Non-financial corporations; households; non-profit institutions serving households,Liabilities,"Securities other than shares, loans",Spain,2019,132.1,,
ESTAT:TIPSPD20(1.0),11/06/26 11:00:00,Annual,Percentage of gross domestic product (GDP),Consolidated,Non-financial corporations; households; non-profit institutions serving households,Liabilities,"Securities other than shares, loans",Finland,2001,91.7,,
ESTAT:TIPSPD20(1.0),11/06/26 11:00:00,Annual,Percentage of gross domestic product (GDP),Consolidated,Non-financial corporations; households; non-profit institutions serving households,Liabilities,"Securities other than shares, loans",Finland,2002,100.2,,
ESTAT:TIPSPD20(1.0),11/06/26 11:00:00,Annual,Percentage of gross domestic product (GDP),Consolidated,Non-financial corporations; households; non-profit institutions serving households,Liabilities,"Securities other than shares, loans",Finland,2003,103.7,,
ESTAT:TIPSPD20(1.0),11/06/26 11:00:00,Annual,Percentage of gross domestic product (GDP),Consolidated,Non-financial corporations; households; non-profit institutions serving households,Liabilities,"Securities other than shares, loans",Finland,2004,106.1,,
ESTAT:TIPSPD20(1.0),11/06/26 11:00:00,Annual,Percentage of gross domestic product (GDP),Consolidated,Non-financial corporations; households; non-profit institutions serving households,Liabilities,"Securities other than shares, loans",Finland,2005,114.3,,
ESTAT:TIPSPD20(1.0),11/06/26 11:00:00,Annual,Percentage of gross domestic product (GDP),Consolidated,Non-financial corporations; households; non-profit institutions serving households,Liabilities,"Securities other than shares, loans",Finland,2006,117.5,,
ESTAT:TIPSPD20(1.0),11/06/26 11:00:00,Annual,Percentage of gross domestic product (GDP),Consolidated,Non-financial corporations; households; non-profit institutions serving households,Liabilities,"Securities other than shares, loans",Finland,2007,121.7,,
ESTAT:TIPSPD20(1.0),11/06/26 11:00:00,Annual,Percentage of gross domestic product (GDP),Consolidated,Non-financial corporations; households; non-profit institutions serving households,Liabilities,"Securities other than shares, loans",Finland,2008,130.7,,
ESTAT:TIPSPD20(1.0),11/06/26 11:00:00,Annual,Percentage of gross domestic product (GDP),Consolidated,Non-financial corporations; households; non-profit institutions serving households,Liabilities,"Securities other than shares, loans",Finland,2009,140.5,,
ESTAT:TIPSPD20(1.0),11/06/26 11:00:00,Annual,Percentage of gross domestic product (GDP),Consolidated,Non-financial corporations; households; non-profit institutions serving households,Liabilities,"Securities other than shares, loans",Finland,2010,146.2,,
ESTAT:TIPSPD20(1.0),11/06/26 11:00:00,Annual,Percentage of gross domestic product (GDP),Consolidated,Non-financial corporations; households; non-profit institutions serving households,Liabilities,"Securities other than shares, loans",Finland,2011,144.8,,
ESTAT:TIPSPD20(1.0),11/06/26 11:00:00,Annual,Percentage of gross domestic product (GDP),Consolidated,Non-financial corporations; households; non-profit institutions serving households,Liabilities,"Securities other than shares, loans",Finland,2012,148.2,,
ESTAT:TIPSPD20(1.0),11/06/26 11:00:00,Annual,Percentage of gross domestic product (GDP),Consolidated,Non-financial corporations; households; non-profit institutions serving households,Liabilities,"Securities other than shares, loans",Finland,2013,147.9,,
ESTAT:TIPSPD20(1.0),11/06/26 11:00:00,Annual,Percentage of gross domestic product (GDP),Consolidated,Non-financial corporations; households; non-profit institutions serving households,Liabilities,"Securities other than shares, loans",Finland,2014,149.5,,
ESTAT:TIPSPD20(1.0),11/06/26 11:00:00,Annual,Percentage of gross domestic product (GDP),Consolidated,Non-financial corporations; households; non-profit institutions serving households,Liabilities,"Securities other than shares, loans",Finland,2015,153.1,,
ESTAT:TIPSPD20(1.0),11/06/26 11:00:00,Annual,Percentage of gross domestic product (GDP),Consolidated,Non-financial corporations; households; non-profit institutions serving households,Liabilities,"Securities other than shares, loans",Finland,2016,149.3,,
ESTAT:TIPSPD20(1.0),11/06/26 11:00:00,Annual,Percentage of gross domestic product (GDP),Consolidated,Non-financial corporations; households; non-profit institutions serving households,Liabilities,"Securities other than shares, loans",Finland,2017,148.7,,
ESTAT:TIPSPD20(1.0),11/06/26 11:00:00,Annual,Percentage of gross domestic product (GDP),Consolidated,Non-financial corporations; households; non-profit institutions serving households,Liabilities,"Securities other than shares, loans",Finland,2018,144.9,,
ESTAT:TIPSPD20(1.0),11/06/26 11:00:00,Annual,Percentage of gross domestic product (GDP),Consolidated,Non-financial corporations; households; non-profit institutions serving households,Liabilities,"Securities other than shares, loans",Finland,2019,146.8,,
ESTAT:TIPSPD20(1.0),11/06/26 11:00:00,Annual,Percentage of gross domestic product (GDP),Consolidated,Non-financial corporations; households; non-profit institutions serving households,Liabilities,"Securities other than shares, loans",France,2001,103.0,,
ESTAT:TIPSPD20(1.0),11/06/26 11:00:00,Annual,Percentage of gross domestic product (GDP),Consolidated,Non-financial corporations; households; non-profit institutions serving households,Liabilities,"Securities other than shares, loans",France,2002,103.1,,
ESTAT:TIPSPD20(1.0),11/06/26 11:00:00,Annual,Percentage of gross domestic product (GDP),Consolidated,Non-financial corporations; households; non-profit institutions serving households,Liabilities,"Securities other than shares, loans",France,2003,102.9,,
ESTAT:TIPSPD20(1.0),11/06/26 11:00:00,Annual,Percentage of gross domestic product (GDP),Consolidated,Non-financial corporations; households; non-profit institutions serving households,Liabilities,"Securities other than shares, loans",France,2004,104.3,,
ESTAT:TIPSPD20(1.0),11/06/26 11:00:00,Annual,Percentage of gross domestic product (GDP),Consolidated,Non-financial corporations; households; non-profit institutions serving households,Liabilities,"Securities other than shares, loans",France,2005,108.9,,
ESTAT:TIPSPD20(1.0),11/06/26 11:00:00,Annual,Percentage of gross domestic product (GDP),Consolidated,Non-financial corporations; households; non-profit institutions serving households,Liabilities,"Securities other than shares, loans",France,2006,112.3,,
ESTAT:TIPSPD20(1.0),11/06/26 11:00:00,Annual,Percentage of gross domestic product (GDP),Consolidated,Non-financial corporations; households; non-profit institutions serving households,Liabilities,"Securities other than shares, loans",France,2007,115.7,,
ESTAT:TIPSPD20(1.0),11/06/26 11:00:00,Annual,Percentage of gross domestic product (GDP),Consolidated,Non-financial corporations; households; non-profit institutions serving households,Liabilities,"Securities other than shares, loans",France,2008,122.3,,
ESTAT:TIPSPD20(1.0),11/06/26 11:00:00,Annual,Percentage of gross domestic product (GDP),Consolidated,Non-financial corporations; households; non-profit institutions serving households,Liabilities,"Securities other than shares, loans",France,2009,130.3,,
ESTAT:TIPSPD20(1.0),11/06/26 11:00:00,Annual,Percentage of gross domestic product (GDP),Consolidated,Non-financial corporations; households; non-profit institutions serving households,Liabilities,"Securities other than shares, loans",France,2010,131.6,,
ESTAT:TIPSPD20(1.0),11/06/26 11:00:00,Annual,Percentage of gross domestic product (GDP),Consolidated,Non-financial corporations; households; non-profit institutions serving households,Liabilities,"Securities other than shares, loans",France,2011,135.1,,
ESTAT:TIPSPD20(1.0),11/06/26 11:00:00,Annual,Percentage of gross domestic product (GDP),Consolidated,Non-financial corporations; households; non-profit institutions serving households,Liabilities,"Securities other than shares, loans",France,2012,138.3,,
ESTAT:TIPSPD20(1.0),11/06/26 11:00:00,Annual,Percentage of gross domestic product (GDP),Consolidated,Non-financial corporations; households; non-profit institutions serving households,Liabilities,"Securities other than shares, loans",France,2013,137.0,,
ESTAT:TIPSPD20(1.0),11/06/26 11:00:00,Annual,Percentage of gross domestic product (GDP),Consolidated,Non-financial corporations; households; non-profit institutions serving households,Liabilities,"Securities other than shares, loans",France,2014,141.2,,
ESTAT:TIPSPD20(1.0),11/06/26 11:00:00,Annual,Percentage of gross domestic product (GDP),Consolidated,Non-financial corporations; households; non-profit institutions serving households,Liabilities,"Securities other than shares, loans",France,2015,142.2,,
ESTAT:TIPSPD20(1.0),11/06/26 11:00:00,Annual,Percentage of gross domestic product (GDP),Consolidated,Non-financial corporations; households; non-profit institutions serving households,Liabilities,"Securities other than shares, loans",France,2016,144.1,,
ESTAT:TIPSPD20(1.0),11/06/26 11:00:00,Annual,Percentage of gross domestic product (GDP),Consolidated,Non-financial corporations; households; non-profit institutions serving households,Liabilities,"Securities other than shares, loans",France,2017,145.9,,
ESTAT:TIPSPD20(1.0),11/06/26 11:00:00,Annual,Percentage of gross domestic product (GDP),Consolidated,Non-financial corporations; households; non-profit institutions serving households,Liabilities,"Securities other than shares, loans",France,2018,149.3,,
ESTAT:TIPSPD20(1.0),11/06/26 11:00:00,Annual,Percentage of gross domestic product (GDP),Consolidated,Non-financial corporations; households; non-profit institutions serving households,Liabilities,"Securities other than shares, loans",France,2019,153.4,,
ESTAT:TIPSPD20(1.0),11/06/26 11:00:00,Annual,Percentage of gross domestic product (GDP),Consolidated,Non-financial corporations; households; non-profit institutions serving households,Liabilities,"Securities other than shares, loans",Ireland,2001,139.2,,
ESTAT:TIPSPD20(1.0),11/06/26 11:00:00,Annual,Percentage of gross domestic product (GDP),Consolidated,Non-financial corporations; households; non-profit institutions serving households,Liabilities,"Securities other than shares, loans",Ireland,2002,137.4,,
ESTAT:TIPSPD20(1.0),11/06/26 11:00:00,Annual,Percentage of gross domestic product (GDP),Consolidated,Non-financial corporations; households; non-profit institutions serving households,Liabilities,"Securities other than shares, loans",Ireland,2003,141.3,,
ESTAT:TIPSPD20(1.0),11/06/26 11:00:00,Annual,Percentage of gross domestic product (GDP),Consolidated,Non-financial corporations; households; non-profit institutions serving households,Liabilities,"Securities other than shares, loans",Ireland,2004,149.4,,
ESTAT:TIPSPD20(1.0),11/06/26 11:00:00,Annual,Percentage of gross domestic product (GDP),Consolidated,Non-financial corporations; households; non-profit institutions serving households,Liabilities,"Securities other than shares, loans",Ireland,2005,170.0,,
ESTAT:TIPSPD20(1.0),11/06/26 11:00:00,Annual,Percentage of gross domestic product (GDP),Consolidated,Non-financial corporations; households; non-profit institutions serving households,Liabilities,"Securities other than shares, loans",Ireland,2006,190.6,,
ESTAT:TIPSPD20(1.0),11/06/26 11:00:00,Annual,Percentage of gross domestic product (GDP),Consolidated,Non-financial corporations; households; non-profit institutions serving households,Liabilities,"Securities other than shares, loans",Ireland,2007,197.8,,
ESTAT:TIPSPD20(1.0),11/06/26 11:00:00,Annual,Percentage of gross domestic product (GDP),Consolidated,Non-financial corporations; households; non-profit institutions serving households,Liabilities,"Securities other than shares, loans",Ireland,2008,237.8,,
ESTAT:TIPSPD20(1.0),11/06/26 11:00:00,Annual,Percentage of gross domestic product (GDP),Consolidated,Non-financial corporations; households; non-profit institutions serving households,Liabilities,"Securities other than shares, loans",Ireland,2009,256.7,,
ESTAT:TIPSPD20(1.0),11/06/26 11:00:00,Annual,Percentage of gross domestic product (GDP),Consolidated,Non-financial corporations; households; non-profit institutions serving households,Liabilities,"Securities other than shares, loans",Ireland,2010,257.5,,
ESTAT:TIPSPD20(1.0),11/06/26 11:00:00,Annual,Percentage of gross domestic product (GDP),Consolidated,Non-financial corporations; households; non-profit institutions serving households,Liabilities,"Securities other than shares, loans",Ireland,2011,270.8,,
ESTAT:TIPSPD20(1.0),11/06/26 11:00:00,Annual,Percentage of gross domestic product (GDP),Consolidated,Non-financial corporations; households; non-profit institutions serving households,Liabilities,"Securities other than shares, loans",Ireland,2012,276.8,,
ESTAT:TIPSPD20(1.0),11/06/26 11:00:00,Annual,Percentage of gross domestic product (GDP),Consolidated,Non-financial corporations; households; non-profit institutions serving households,Liabilities,"Securities other than shares, loans",Ireland,2013,283.7,,
ESTAT:TIPSPD20(1.0),11/06/26 11:00:00,Annual,Percentage of gross domestic product (GDP),Consolidated,Non-financial corporations; households; non-profit institutions serving households,Liabilities,"Securities other than shares, loans",Ireland,2014,290.8,,
ESTAT:TIPSPD20(1.0),11/06/26 11:00:00,Annual,Percentage of gross domestic product (GDP),Consolidated,Non-financial corporations; households; non-profit institutions serving households,Liabilities,"Securities other than shares, loans",Ireland,2015,312.8,,
ESTAT:TIPSPD20(1.0),11/06/26 11:00:00,Annual,Percentage of gross domestic product (GDP),Consolidated,Non-financial corporations; households; non-profit institutions serving households,Liabilities,"Securities other than shares, loans",Ireland,2016,297.4,,
ESTAT:TIPSPD20(1.0),11/06/26 11:00:00,Annual,Percentage of gross domestic product (GDP),Consolidated,Non-financial corporations; households; non-profit institutions serving households,Liabilities,"Securities other than shares, loans",Ireland,2017,266.3,,
ESTAT:TIPSPD20(1.0),11/06/26 11:00:00,Annual,Percentage of gross domestic product (GDP),Consolidated,Non-financial corporations; households; non-profit institutions serving households,Liabilities,"Securities other than shares, loans",Ireland,2018,245.3,,
ESTAT:TIPSPD20(1.0),11/06/26 11:00:00,Annual,Percentage of gross domestic product (GDP),Consolidated,Non-financial corporations; households; non-profit institutions serving households,Liabilities,"Securities other than shares, loans",Ireland,2019,209.8,,
ESTAT:TIPSPD20(1.0),11/06/26 11:00:00,Annual,Percentage of gross domestic product (GDP),Consolidated,Non-financial corporations; households; non-profit institutions serving households,Liabilities,"Securities other than shares, loans",Italy,2001,79.2,,
ESTAT:TIPSPD20(1.0),11/06/26 11:00:00,Annual,Percentage of gross domestic product (GDP),Consolidated,Non-financial corporations; households; non-profit institutions serving households,Liabilities,"Securities other than shares, loans",Italy,2002,81.7,,
ESTAT:TIPSPD20(1.0),11/06/26 11:00:00,Annual,Percentage of gross domestic product (GDP),Consolidated,Non-financial corporations; households; non-profit institutions serving households,Liabilities,"Securities other than shares, loans",Italy,2003,85.0,,
ESTAT:TIPSPD20(1.0),11/06/26 11:00:00,Annual,Percentage of gross domestic product (GDP),Consolidated,Non-financial corporations; households; non-profit institutions serving households,Liabilities,"Securities other than shares, loans",Italy,2004,88.5,,
ESTAT:TIPSPD20(1.0),11/06/26 11:00:00,Annual,Percentage of gross domestic product (GDP),Consolidated,Non-financial corporations; households; non-profit institutions serving households,Liabilities,"Securities other than shares, loans",Italy,2005,94.7,,
ESTAT:TIPSPD20(1.0),11/06/26 11:00:00,Annual,Percentage of gross domestic product (GDP),Consolidated,Non-financial corporations; households; non-profit institutions serving households,Liabilities,"Securities other than shares, loans",Italy,2006,100.8,,
ESTAT:TIPSPD20(1.0),11/06/26 11:00:00,Annual,Percentage of gross domestic product (GDP),Consolidated,Non-financial corporations; households; non-profit institutions serving households,Liabilities,"Securities other than shares, loans",Italy,2007,108.3,,
ESTAT:TIPSPD20(1.0),11/06/26 11:00:00,Annual,Percentage of gross domestic product (GDP),Consolidated,Non-financial corporations; households; non-profit institutions serving households,Liabilities,"Securities other than shares, loans",Italy,2008,112.5,,
ESTAT:TIPSPD20(1.0),11/06/26 11:00:00,Annual,Percentage of gross domestic product (GDP),Consolidated,Non-financial corporations; households; non-profit institutions serving households,Liabilities,"Securities other than shares, loans",Italy,2009,120.9,,
ESTAT:TIPSPD20(1.0),11/06/26 11:00:00,Annual,Percentage of gross domestic product (GDP),Consolidated,Non-financial corporations; households; non-profit institutions serving households,Liabilities,"Securities other than shares, loans",Italy,2010,121.5,,
ESTAT:TIPSPD20(1.0),11/06/26 11:00:00,Annual,Percentage of gross domestic product (GDP),Consolidated,Non-financial corporations; households; non-profit institutions serving households,Liabilities,"Securities other than shares, loans",Italy,2011,120.5,,
ESTAT:TIPSPD20(1.0),11/06/26 11:00:00,Annual,Percentage of gross domestic product (GDP),Consolidated,Non-financial corporations; households; non-profit institutions serving households,Liabilities,"Securities other than shares, loans",Italy,2012,123.0,,
ESTAT:TIPSPD20(1.0),11/06/26 11:00:00,Annual,Percentage of gross domestic product (GDP),Consolidated,Non-financial corporations; households; non-profit institutions serving households,Liabilities,"Securities other than shares, loans",Italy,2013,120.2,,
ESTAT:TIPSPD20(1.0),11/06/26 11:00:00,Annual,Percentage of gross domestic product (GDP),Consolidated,Non-financial corporations; households; non-profit institutions serving households,Liabilities,"Securities other than shares, loans",Italy,2014,118.0,,
ESTAT:TIPSPD20(1.0),11/06/26 11:00:00,Annual,Percentage of gross domestic product (GDP),Consolidated,Non-financial corporations; households; non-profit institutions serving households,Liabilities,"Securities other than shares, loans",Italy,2015,114.3,,
ESTAT:TIPSPD20(1.0),11/06/26 11:00:00,Annual,Percentage of gross domestic product (GDP),Consolidated,Non-financial corporations; households; non-profit institutions serving households,Liabilities,"Securities other than shares, loans",Italy,2016,110.6,,
ESTAT:TIPSPD20(1.0),11/06/26 11:00:00,Annual,Percentage of gross domestic product (GDP),Consolidated,Non-financial corporations; households; non-profit institutions serving households,Liabilities,"Securities other than shares, loans",Italy,2017,108.0,,
ESTAT:TIPSPD20(1.0),11/06/26 11:00:00,Annual,Percentage of gross domestic product (GDP),Consolidated,Non-financial corporations; households; non-profit institutions serving households,Liabilities,"Securities other than shares, loans",Italy,2018,106.5,,
ESTAT:TIPSPD20(1.0),11/06/26 11:00:00,Annual,Percentage of gross domestic product (GDP),Consolidated,Non-financial corporations; households; non-profit institutions serving households,Liabilities,"Securities other than shares, loans",Italy,2019,104.8,,
ESTAT:TIPSPD20(1.0),11/06/26 11:00:00,Annual,Percentage of gross domestic product (GDP),Consolidated,Non-financial corporations; households; non-profit institutions serving households,Liabilities,"Securities other than shares, loans",Netherlands,2001,210.1,,
ESTAT:TIPSPD20(1.0),11/06/26 11:00:00,Annual,Percentage of gross domestic product (GDP),Consolidated,Non-financial corporations; households; non-profit institutions serving households,Liabilities,"Securities other than shares, loans",Netherlands,2002,210.7,,
ESTAT:TIPSPD20(1.0),11/06/26 11:00:00,Annual,Percentage of gross domestic product (GDP),Consolidated,Non-financial corporations; households; non-profit institutions serving households,Liabilities,"Securities other than shares, loans",Netherlands,2003,225.7,,
ESTAT:TIPSPD20(1.0),11/06/26 11:00:00,Annual,Percentage of gross domestic product (GDP),Consolidated,Non-financial corporations; households; non-profit institutions serving households,Liabilities,"Securities other than shares, loans",Netherlands,2004,226.1,,
ESTAT:TIPSPD20(1.0),11/06/26 11:00:00,Annual,Percentage of gross domestic product (GDP),Consolidated,Non-financial corporations; households; non-profit institutions serving households,Liabilities,"Securities other than shares, loans",Netherlands,2005,230.4,,
ESTAT:TIPSPD20(1.0),11/06/26 11:00:00,Annual,Percentage of gross domestic product (GDP),Consolidated,Non-financial corporations; households; non-profit institutions serving households,Liabilities,"Securities other than shares, loans",Netherlands,2006,227.1,,
ESTAT:TIPSPD20(1.0),11/06/26 11:00:00,Annual,Percentage of gross domestic product (GDP),Consolidated,Non-financial corporations; households; non-profit institutions serving households,Liabilities,"Securities other than shares, loans",Netherlands,2007,226.9,,
ESTAT:TIPSPD20(1.0),11/06/26 11:00:00,Annual,Percentage of gross domestic product (GDP),Consolidated,Non-financial corporations; households; non-profit institutions serving households,Liabilities,"Securities other than shares, loans",Netherlands,2008,229.7,,
ESTAT:TIPSPD20(1.0),11/06/26 11:00:00,Annual,Percentage of gross domestic product (GDP),Consolidated,Non-financial corporations; households; non-profit institutions serving households,Liabilities,"Securities other than shares, loans",Netherlands,2009,250.7,,
ESTAT:TIPSPD20(1.0),11/06/26 11:00:00,Annual,Percentage of gross domestic product (GDP),Consolidated,Non-financial corporations; households; non-profit institutions serving households,Liabilities,"Securities other than shares, loans",Netherlands,2010,250.3,,
ESTAT:TIPSPD20(1.0),11/06/26 11:00:00,Annual,Percentage of gross domestic product (GDP),Consolidated,Non-financial corporations; households; non-profit institutions serving households,Liabilities,"Securities other than shares, loans",Netherlands,2011,252.9,,
ESTAT:TIPSPD20(1.0),11/06/26 11:00:00,Annual,Percentage of gross domestic product (GDP),Consolidated,Non-financial corporations; households; non-profit institutions serving households,Liabilities,"Securities other than shares, loans",Netherlands,2012,258.6,,
ESTAT:TIPSPD20(1.0),11/06/26 11:00:00,Annual,Percentage of gross domestic product (GDP),Consolidated,Non-financial corporations; households; non-profit institutions serving households,Liabilities,"Securities other than shares, loans",Netherlands,2013,264.7,,
ESTAT:TIPSPD20(1.0),11/06/26 11:00:00,Annual,Percentage of gross domestic product (GDP),Consolidated,Non-financial corporations; households; non-profit institutions serving households,Liabilities,"Securities other than shares, loans",Netherlands,2014,273.8,,
ESTAT:TIPSPD20(1.0),11/06/26 11:00:00,Annual,Percentage of gross domestic product (GDP),Consolidated,Non-financial corporations; households; non-profit institutions serving households,Liabilities,"Securities other than shares, loans",Netherlands,2015,269.5,,
ESTAT:TIPSPD20(1.0),11/06/26 11:00:00,Annual,Percentage of gross domestic product (GDP),Consolidated,Non-financial corporations; households; non-profit institutions serving households,Liabilities,"Securities other than shares, loans",Netherlands,2016,266.7,,
ESTAT:TIPSPD20(1.0),11/06/26 11:00:00,Annual,Percentage of gross domestic product (GDP),Consolidated,Non-financial corporations; households; non-profit institutions serving households,Liabilities,"Securities other than shares, loans",Netherlands,2017,258.3,,
ESTAT:TIPSPD20(1.0),11/06/26 11:00:00,Annual,Percentage of gross domestic product (GDP),Consolidated,Non-financial corporations; households; non-profit institutions serving households,Liabilities,"Securities other than shares, loans",Netherlands,2018,252.7,,
ESTAT:TIPSPD20(1.0),11/06/26 11:00:00,Annual,Percentage of gross domestic product (GDP),Consolidated,Non-financial corporations; households; non-profit institutions serving households,Liabilities,"Securities other than shares, loans",Netherlands,2019,242.0,,
ESTAT:TIPSPD20(1.0),11/06/26 11:00:00,Annual,Percentage of gross domestic product (GDP),Consolidated,Non-financial corporations; households; non-profit institutions serving households,Liabilities,"Securities other than shares, loans",Portugal,2001,152.1,,
ESTAT:TIPSPD20(1.0),11/06/26 11:00:00,Annual,Percentage of gross domestic product (GDP),Consolidated,Non-financial corporations; households; non-profit institutions serving households,Liabilities,"Securities other than shares, loans",Portugal,2002,155.4,,
ESTAT:TIPSPD20(1.0),11/06/26 11:00:00,Annual,Percentage of gross domestic product (GDP),Consolidated,Non-financial corporations; households; non-profit institutions serving households,Liabilities,"Securities other than shares, loans",Portugal,2003,161.6,,
ESTAT:TIPSPD20(1.0),11/06/26 11:00:00,Annual,Percentage of gross domestic product (GDP),Consolidated,Non-financial corporations; households; non-profit institutions serving households,Liabilities,"Securities other than shares, loans",Portugal,2004,164.1,,
ESTAT:TIPSPD20(1.0),11/06/26 11:00:00,Annual,Percentage of gross domestic product (GDP),Consolidated,Non-financial corporations; households; non-profit institutions serving households,Liabilities,"Securities other than shares, loans",Portugal,2005,169.9,,
ESTAT:TIPSPD20(1.0),11/06/26 11:00:00,Annual,Percentage of gross domestic product (GDP),Consolidated,Non-financial corporations; households; non-profit institutions serving households,Liabilities,"Securities other than shares, loans",Portugal,2006,175.7,,
ESTAT:TIPSPD20(1.0),11/06/26 11:00:00,Annual,Percentage of gross domestic product (GDP),Consolidated,Non-financial corporations; households; non-profit institutions serving households,Liabilities,"Securities other than shares, loans",Portugal,2007,184.8,,
ESTAT:TIPSPD20(1.0),11/06/26 11:00:00,Annual,Percentage of gross domestic product (GDP),Consolidated,Non-financial corporations; households; non-profit institutions serving households,Liabilities,"Securities other than shares, loans",Portugal,2008,196.0,,
ESTAT:TIPSPD20(1.0),11/06/26 11:00:00,Annual,Percentage of gross domestic product (GDP),Consolidated,Non-financial corporations; households; non-profit institutions serving households,Liabilities,"Securities other than shares, loans",Portugal,2009,204.3,,
ESTAT:TIPSPD20(1.0),11/06/26 11:00:00,Annual,Percentage of gross domestic product (GDP),Consolidated,Non-financial corporations; households; non-profit institutions serving households,Liabilities,"Securities other than shares, loans",Portugal,2010,201.9,,
ESTAT:TIPSPD20(1.0),11/06/26 11:00:00,Annual,Percentage of gross domestic product (GDP),Consolidated,Non-financial corporations; households; non-profit institutions serving households,Liabilities,"Securities other than shares, loans",Portugal,2011,204.7,,
ESTAT:TIPSPD20(1.0),11/06/26 11:00:00,Annual,Percentage of gross domestic product (GDP),Consolidated,Non-financial corporations; households; non-profit institutions serving households,Liabilities,"Securities other than shares, loans",Portugal,2012,210.3,,
ESTAT:TIPSPD20(1.0),11/06/26 11:00:00,Annual,Percentage of gross domestic product (GDP),Consolidated,Non-financial corporations; households; non-profit institutions serving households,Liabilities,"Securities other than shares, loans",Portugal,2013,201.0,,
ESTAT:TIPSPD20(1.0),11/06/26 11:00:00,Annual,Percentage of gross domestic product (GDP),Consolidated,Non-financial corporations; households; non-profit institutions serving households,Liabilities,"Securities other than shares, loans",Portugal,2014,184.8,,
ESTAT:TIPSPD20(1.0),11/06/26 11:00:00,Annual,Percentage of gross domestic product (GDP),Consolidated,Non-financial corporations; households; non-profit institutions serving households,Liabilities,"Securities other than shares, loans",Portugal,2015,178.7,,
ESTAT:TIPSPD20(1.0),11/06/26 11:00:00,Annual,Percentage of gross domestic product (GDP),Consolidated,Non-financial corporations; households; non-profit institutions serving households,Liabilities,"Securities other than shares, loans",Portugal,2016,169.5,,
ESTAT:TIPSPD20(1.0),11/06/26 11:00:00,Annual,Percentage of gross domestic product (GDP),Consolidated,Non-financial corporations; households; non-profit institutions serving households,Liabilities,"Securities other than shares, loans",Portugal,2017,160.9,,
ESTAT:TIPSPD20(1.0),11/06/26 11:00:00,Annual,Percentage of gross domestic product (GDP),Consolidated,Non-financial corporations; households; non-profit institutions serving households,Liabilities,"Securities other than shares, loans",Portugal,2018,153.1,,
ESTAT:TIPSPD20(1.0),11/06/26 11:00:00,Annual,Percentage of gross domestic product (GDP),Consolidated,Non-financial corporations; households; non-profit institutions serving households,Liabilities,"Securities other than shares, loans",Portugal,2019,147.0,,
